filename,mean_brightness,std_intensity,variance,min_intensity,max_intensity,median_intensity,dark_ratio,bright_ratio,label,edge_count,edge_density
IMG_20180513_164959951_HDR resized_448.jpg,122.0850830078125,25.113693373658855,630.6975948661566,42.0,234.0,120.0,0.00030517578125,0.002685546875,1,5743,0.35052490234375
IMG_20180513_165129852_HDR resized_448.jpg,131.83184814453125,19.940848412309872,397.63743540272117,30.0,219.0,133.0,0.00140380859375,0.00103759765625,1,5346,0.3262939453125
IMG_20180513_165150613_HDR resized_448.jpg,121.1724853515625,24.27740698704114,589.3924900144339,4.0,225.0,121.0,0.00677490234375,0.00274658203125,1,4922,0.3004150390625
IMG_20180513_165345878_HDR resized_448.jpg,130.1202392578125,19.731231082243212,389.3214800208807,41.0,255.0,131.0,0.00030517578125,0.00152587890625,1,5903,0.36029052734375
IMG_20180513_165349788_HDR resized_448.jpg,131.07635498046875,19.81562272056259,392.65890380367637,40.0,255.0,132.0,0.0006103515625,0.00225830078125,1,5465,0.33355712890625
IMG_20180513_165353081_HDR resized_448.jpg,136.03265380859375,21.366159896182868,456.5127887092531,0.0,249.0,138.0,0.005615234375,0.00390625,1,5136,0.3134765625
IMG_20180513_165451567_HDR resized_448.jpg,129.537841796875,18.623142698668552,346.82144397497177,47.0,252.0,131.0,0.0001220703125,0.00396728515625,1,5238,0.3197021484375
IMG_20180513_165455803_HDR resized_448.jpg,123.34051513671875,17.911054223761067,320.80586340650916,32.0,255.0,125.0,0.00054931640625,0.0028076171875,1,5142,0.3138427734375
IMG_20180513_165500303_HDR resized_448.jpg,125.12335205078125,16.28177052293183,265.0960513614118,41.0,253.0,127.0,0.0001220703125,0.001220703125,1,4467,0.27264404296875
IMG_20180513_165512488_HDR resized_448.jpg,128.96734619140625,25.899743710240223,670.7967242561281,28.0,254.0,131.0,0.00347900390625,0.0029296875,1,5599,0.34173583984375
IMG_20180513_165515651_HDR resized_448.jpg,125.14178466796875,21.77974185817431,474.35715540871024,23.0,253.0,125.0,0.00103759765625,0.0013427734375,1,4966,0.3031005859375
IMG_20180513_165521775_HDR resized_448.jpg,125.300537109375,20.100674586991815,404.0371188521385,26.0,255.0,126.0,0.0009765625,0.00103759765625,1,4248,0.25927734375
IMG_20180513_165533492_HDR resized_448.jpg,126.37591552734375,18.42884750673406,339.6224204264581,41.0,254.0,128.0,0.0003662109375,0.00091552734375,1,5081,0.31011962890625
IMG_20180513_165538350_HDR resized_448.jpg,123.01495361328125,21.05844171128098,443.4579673074186,33.0,255.0,122.0,0.00128173828125,0.00238037109375,1,5098,0.3111572265625
IMG_20180513_165547907_HDR resized_448.jpg,120.3994140625,19.98231675895252,399.29298305511475,37.0,248.0,119.0,0.00018310546875,0.0010986328125,1,3177,0.19390869140625
IMG_20180513_165706718_HDR resized_448.jpg,129.13616943359375,19.434436941496685,377.697339233011,33.0,250.0,131.0,0.00042724609375,0.0015869140625,1,5674,0.3463134765625
IMG_20180513_165710583_HDR resized_448.jpg,129.97528076171875,20.966865176892266,439.60943534597754,18.0,255.0,132.0,0.00213623046875,0.00103759765625,1,5498,0.3355712890625
IMG_20180513_165717627_HDR resized_448.jpg,123.35693359375,18.98801188855656,360.5445954799652,37.0,255.0,122.0,0.00018310546875,0.005126953125,1,3332,0.203369140625
IMG_20180513_165733359_HDR resized_448.jpg,126.5482177734375,18.33832887440128,336.29430590569973,41.0,252.0,127.0,0.00018310546875,0.00103759765625,1,5201,0.31744384765625
IMG_20180513_165741688_HDR resized_448.jpg,124.88702392578125,18.206554601286395,331.47863044962287,33.0,246.0,125.0,0.000732421875,0.00079345703125,1,4367,0.26654052734375
IMG_20180513_165749116_HDR resized_448.jpg,128.08404541015625,17.121997465508382,293.1627972088754,32.0,245.0,129.0,0.00018310546875,0.00048828125,1,3956,0.241455078125
IMG_20180513_170350654_HDR resized_448.jpg,129.5118408203125,15.877563659570832,252.09702776372433,27.0,229.0,132.0,0.00018310546875,0.0006103515625,1,4319,0.26361083984375
IMG_20180513_170357440_HDR resized_448.jpg,130.9434814453125,15.157703022767452,229.75596092641354,43.0,234.0,134.0,0.0001220703125,0.00030517578125,1,2784,0.169921875
IMG_20180513_170406108_HDR resized_448.jpg,125.642333984375,17.98435476817328,323.43701642751694,26.0,254.0,128.0,0.00146484375,0.00384521484375,1,2247,0.13714599609375
IMG_20180513_170430826_HDR resized_448.jpg,126.40765380859375,13.73833462949095,188.74183839187026,56.0,253.0,126.0,0.0,0.000732421875,1,3383,0.20648193359375
IMG_20180513_170453882_HDR resized_448.jpg,115.2276611328125,15.236127351089138,232.13957665860653,52.0,254.0,115.0,0.0,0.00091552734375,1,4237,0.25860595703125
IMG_20180513_170500983_HDR resized_448.jpg,112.97625732421875,14.384528440422212,206.9146584533155,48.0,229.0,113.0,0.00018310546875,0.00048828125,1,3611,0.22039794921875
IMG_20180513_170515937_HDR resized_448.jpg,116.38323974609375,14.755714758007159,217.73111801967025,58.0,254.0,117.0,0.0,0.00115966796875,1,4329,0.26422119140625
IMG_20180513_170526931_HDR resized_448.jpg,116.17071533203125,16.60357066754402,275.6785589121282,0.0,254.0,116.0,0.00250244140625,0.00244140625,1,3524,0.215087890625
IMG_20180513_170535927_HDR resized_448.jpg,111.74798583984375,14.96497055939468,223.9503438435495,26.0,255.0,111.0,0.00128173828125,0.001708984375,1,3812,0.232666015625
IMG_20180513_170700279_HDR resized_448.jpg,118.21051025390625,15.976337005847322,255.24334412440658,51.0,238.0,118.0,0.0,0.00048828125,1,4633,0.28277587890625
IMG_20180513_170710091_HDR resized_448.jpg,119.2828369140625,19.852337791304166,394.1153157800436,30.0,240.0,120.0,0.00201416015625,0.00128173828125,1,5626,0.3433837890625
IMG_20180513_170718753_HDR resized_448.jpg,120.12701416015625,20.407698616288805,416.47416281327605,32.0,249.0,121.0,0.00103759765625,0.00048828125,1,5795,0.35369873046875
IMG_20180513_170728853_HDR resized_448.jpg,119.838134765625,17.007166051604194,289.2436971068382,28.0,250.0,120.0,0.0013427734375,0.00079345703125,1,4275,0.26092529296875
IMG_20180513_170746398_HDR resized_448.jpg,124.06024169921875,18.810247512061583,353.825411465019,36.0,250.0,125.0,0.00091552734375,0.00054931640625,1,4624,0.2822265625
IMG_20180513_170844630_HDR resized_448.jpg,110.34979248046875,30.35720400764889,921.5598351620138,15.0,214.0,111.0,0.01654052734375,0.0009765625,1,6226,0.3800048828125
IMG_20180514_164920326_HDR resized_448.jpg,117.31207275390625,19.322988675616102,373.3778913579881,27.0,222.0,118.0,0.00115966796875,0.00048828125,1,5274,0.3218994140625
IMG_20180514_164936208_HDR resized_448.jpg,125.20947265625,25.70339462463511,660.6644952297211,22.0,249.0,127.0,0.003662109375,0.0023193359375,1,5662,0.3455810546875
IMG_20180514_164944000_HDR resized_448.jpg,132.60870361328125,28.266411420255437,798.9900145791471,16.0,246.0,138.0,0.0078125,0.00286865234375,1,5243,0.32000732421875
IMG_20180514_164949995_HDR resized_448.jpg,126.85662841796875,25.58432630918654,654.5577526949346,26.0,233.0,128.0,0.0040283203125,0.00189208984375,1,4740,0.289306640625
IMG_20180514_164955695_HDR resized_448.jpg,122.76727294921875,30.9795165400209,959.7304450534284,7.0,255.0,125.0,0.0125732421875,0.00927734375,1,5902,0.3602294921875
IMG_20180514_165008040_HDR resized_448.jpg,113.23870849609375,22.029556410791308,485.3013556562364,15.0,255.0,114.0,0.00537109375,0.00286865234375,1,5340,0.325927734375
IMG_20180514_165031728_HDR resized_448.jpg,117.45489501953125,24.317066905457306,591.3197428844869,26.0,237.0,117.0,0.00360107421875,0.0010986328125,1,6024,0.36767578125
IMG_20180514_165039112_HDR resized_448.jpg,114.699462890625,23.373945282533896,546.3413180708885,23.0,236.0,114.0,0.0028076171875,0.00225830078125,1,5849,0.35699462890625
IMG_20180514_165050302_HDR resized_448.jpg,126.33221435546875,27.546069318353783,758.7859348915517,7.0,255.0,128.0,0.007080078125,0.00408935546875,1,6181,0.37725830078125
IMG_20180514_165115894_HDR resized_448.jpg,118.7703857421875,29.16786824632196,850.7645380347967,8.0,248.0,118.0,0.00946044921875,0.00604248046875,1,5933,0.36212158203125
IMG_20180514_165152754_HDR resized_448.jpg,122.8472900390625,23.801319348193818,566.5028027147055,24.0,249.0,125.0,0.00335693359375,0.001220703125,1,5601,0.34185791015625
IMG_20180514_165211442_HDR resized_448.jpg,126.48309326171875,29.70664197521239,882.4845774434507,11.0,237.0,127.0,0.00592041015625,0.00604248046875,1,5940,0.362548828125
IMG_20180514_165217078_HDR resized_448.jpg,124.75677490234375,27.427049177964147,752.2430266104639,0.0,255.0,126.0,0.0081787109375,0.00347900390625,1,5958,0.3636474609375
IMG_20180514_165228668_HDR resized_448.jpg,136.73138427734375,27.269505031730464,743.6259046755731,0.0,255.0,138.0,0.008544921875,0.00885009765625,1,6116,0.373291015625
IMG_20180514_165245540_HDR resized_448.jpg,132.0938720703125,25.530180928260727,651.7901382297277,17.0,253.0,133.0,0.0037841796875,0.00732421875,1,6131,0.37420654296875
IMG_20180514_165251954_HDR resized_448.jpg,130.581298828125,22.507271109693264,506.577252805233,0.0,245.0,131.0,0.00396728515625,0.00372314453125,1,5754,0.3511962890625
IMG_20180514_165259100 resized_448.jpg,136.692626953125,26.910038103211686,724.1501507163048,20.0,248.0,137.0,0.0023193359375,0.014892578125,1,6108,0.372802734375
IMG_20180514_165302026_HDR resized_448.jpg,130.10321044921875,23.752192629988464,564.1666547320783,18.0,237.0,130.0,0.0025634765625,0.004150390625,1,5969,0.36431884765625
IMG_20180514_165307482_HDR resized_448.jpg,128.10394287109375,22.17402207452631,491.68725496158004,9.0,241.0,128.0,0.00140380859375,0.002685546875,1,5949,0.36309814453125
IMG_20180514_165340357_HDR resized_448.jpg,130.33209228515625,22.10305796167373,488.54517125710845,28.0,255.0,130.0,0.00164794921875,0.00457763671875,1,5695,0.34759521484375
IMG_20180514_165358823_HDR resized_448.jpg,130.97698974609375,29.306290492362667,858.8586624227464,5.0,253.0,130.0,0.00592041015625,0.01324462890625,1,6310,0.3851318359375
IMG_20180514_165411841_HDR resized_448.jpg,129.77374267578125,31.148928607963686,970.2557534240186,0.0,249.0,129.0,0.00689697265625,0.0185546875,1,6400,0.390625
IMG_20180514_165427375_HDR resized_448.jpg,134.39208984375,24.45163385884322,597.8823983669281,19.0,230.0,135.0,0.0028076171875,0.005859375,1,6178,0.3770751953125
IMG_20180514_165444055_HDR resized_448.jpg,133.76568603515625,20.61555694795736,425.00118827447295,21.0,242.0,134.0,0.00067138671875,0.0020751953125,1,5966,0.3641357421875
IMG_20180514_165457873_HDR resized_448.jpg,133.01409912109375,26.317727619508265,692.6227870546281,6.0,241.0,133.0,0.00543212890625,0.00677490234375,1,6158,0.3758544921875
IMG_20180514_165505511_HDR resized_448.jpg,131.865478515625,27.38115467815965,749.727631509304,23.0,250.0,133.0,0.005126953125,0.00628662109375,1,6203,0.37860107421875
IMG_20180514_165529728_HDR resized_448.jpg,125.72930908203125,21.69744695705633,470.779204454273,25.0,234.0,125.0,0.0023193359375,0.00189208984375,1,5945,0.36285400390625
IMG_20180514_165535720_HDR resized_448.jpg,126.125,19.643946740782198,385.8846435546875,33.0,251.0,125.0,0.0008544921875,0.00177001953125,1,6048,0.369140625
IMG_20180514_165710828_HDR resized_448.jpg,132.44384765625,27.328105278727776,746.8253381252289,0.0,254.0,133.0,0.007080078125,0.00665283203125,1,6358,0.3880615234375
IMG_20180514_165717791_HDR resized_448.jpg,138.43035888671875,26.259504114993128,689.561556365341,0.0,253.0,139.0,0.0078125,0.0078125,1,6164,0.376220703125
IMG_20180514_165724162_HDR resized_448.jpg,136.7540283203125,27.969217801310904,782.2771444171667,1.0,231.0,138.0,0.01007080078125,0.00927734375,1,6331,0.38641357421875
IMG_20180514_165731332_HDR resized_448.jpg,140.7333984375,34.66563525102162,1201.7062673568726,0.0,255.0,141.0,0.01495361328125,0.0416259765625,1,6282,0.3834228515625
IMG_20180514_165740460_HDR resized_448.jpg,128.8826904296875,24.70894604858533,610.5320148319006,11.0,255.0,128.0,0.0023193359375,0.00689697265625,1,6237,0.38067626953125
IMG_20180514_165746314_HDR resized_448.jpg,138.71356201171875,29.27658958806124,857.1186979077756,0.0,252.0,139.0,0.0093994140625,0.0166015625,1,6193,0.37799072265625
IMG_20180514_165751038_HDR resized_448.jpg,139.50909423828125,28.155426949504648,792.7280667088926,0.0,245.0,140.0,0.00933837890625,0.01251220703125,1,6108,0.372802734375
IMG_20180514_165757436_HDR resized_448.jpg,140.865234375,26.986379437419554,728.2646751403809,3.0,243.0,141.0,0.00689697265625,0.013671875,1,6168,0.37646484375
IMG_20180514_165811955_HDR resized_448.jpg,135.7464599609375,30.220425151788355,913.2740963548422,0.0,253.0,136.0,0.0087890625,0.01513671875,1,6301,0.38458251953125
IMG_20180514_165823466_HDR resized_448.jpg,141.91326904296875,34.0709419686015,1160.8290866278112,0.0,255.0,143.0,0.01409912109375,0.03741455078125,1,6286,0.3836669921875
IMG_20180514_165831579_HDR resized_448.jpg,138.52935791015625,26.98926458356264,728.4204027615488,2.0,247.0,140.0,0.00726318359375,0.00885009765625,1,6165,0.37628173828125
IMG_20180514_165837194_HDR resized_448.jpg,140.5506591796875,27.744069556602106,769.7333955615759,4.0,246.0,143.0,0.0086669921875,0.00665283203125,1,6140,0.374755859375
IMG_20180514_165847101_HDR resized_448.jpg,139.73651123046875,28.50127369920377,812.3226024769247,0.0,249.0,143.0,0.01141357421875,0.00738525390625,1,6025,0.36773681640625
IMG_20180514_170008541_HDR resized_448.jpg,143.689697265625,30.08004906680634,904.8093518614769,0.0,255.0,145.0,0.01666259765625,0.02252197265625,1,6046,0.3690185546875
IMG_20180514_170015428_HDR resized_448.jpg,140.781005859375,32.16138603243507,1034.3547515273094,0.0,247.0,144.0,0.01910400390625,0.02099609375,1,6085,0.37139892578125
IMG_20180514_170026184_HDR resized_448.jpg,131.985595703125,24.5925570020493,604.793859899044,0.0,253.0,132.0,0.00634765625,0.0054931640625,1,6007,0.36663818359375
IMG_20180514_170032562_HDR resized_448.jpg,123.7703857421875,24.98598996007156,624.2996942847967,2.0,247.0,121.0,0.00299072265625,0.0059814453125,1,6137,0.37457275390625
IMG_20180514_170039467_HDR resized_448.jpg,123.21728515625,24.11095018859296,581.3379189968109,4.0,233.0,122.0,0.0050048828125,0.00250244140625,1,6133,0.37432861328125
IMG_20180514_170051550_HDR resized_448.jpg,145.95947265625,30.887006112553358,954.0071465969086,0.0,253.0,147.0,0.01617431640625,0.02874755859375,1,6122,0.3736572265625
IMG_20180514_170055705_HDR resized_448.jpg,136.50677490234375,24.54540700175795,602.4770048819482,0.0,233.0,136.0,0.00921630859375,0.0047607421875,1,6051,0.36932373046875
IMG_20180514_170100812_HDR resized_448.jpg,136.78753662109375,25.300932222436835,640.1371713243425,5.0,235.0,137.0,0.00714111328125,0.0054931640625,1,6054,0.3695068359375
IMG_20180514_170105907_HDR resized_448.jpg,130.5589599609375,24.985145788070383,624.2575100511312,24.0,234.0,130.0,0.0028076171875,0.0042724609375,1,6027,0.36785888671875
IMG_20180514_170122537_HDR resized_448.jpg,134.40203857421875,27.4107135091828,751.3472150824964,3.0,247.0,134.0,0.0048828125,0.01251220703125,1,6099,0.37225341796875
IMG_20180514_170137161_HDR resized_448.jpg,123.492919921875,27.379770001613302,749.6518053412437,9.0,255.0,122.0,0.00579833984375,0.00787353515625,1,6023,0.36761474609375
IMG_20180514_170144972_HDR resized_448.jpg,120.683837890625,23.342056027833817,544.851579606533,8.0,238.0,118.0,0.001953125,0.00213623046875,1,6146,0.3751220703125
IMG_20180514_170158322_HDR resized_448.jpg,130.13568115234375,28.94771453933246,837.9701770506799,12.0,238.0,130.0,0.0072021484375,0.01031494140625,1,6365,0.38848876953125
IMG_20180514_170217038_HDR resized_448.jpg,121.87115478515625,21.824189046191226,476.2952275238931,18.0,238.0,119.0,0.00244140625,0.0018310546875,1,6020,0.367431640625
IMG_20180514_170355485_HDR resized_448.jpg,135.14166259765625,34.953605377362635,1221.754528876394,0.0,255.0,136.0,0.0157470703125,0.02874755859375,1,6279,0.38323974609375
IMG_20180514_170400947 resized_448.jpg,130.3790283203125,42.70263634729083,1823.5151510089636,0.0,255.0,131.0,0.04119873046875,0.052490234375,1,6272,0.3828125
IMG_20180514_170411390_HDR resized_448.jpg,141.5738525390625,34.464041848977885,1187.770180568099,0.0,255.0,143.0,0.0169677734375,0.03546142578125,1,6265,0.38238525390625
IMG_20180514_170416728_HDR resized_448.jpg,143.64056396484375,33.48529210967443,1121.264787670225,0.0,255.0,147.0,0.0174560546875,0.0289306640625,1,6153,0.37554931640625
IMG_20180514_170423229_HDR resized_448.jpg,144.33642578125,36.81624989281598,1355.4362561702728,0.0,251.0,148.0,0.02301025390625,0.04266357421875,1,6133,0.37432861328125
IMG_20180514_170638485_HDR resized_448.jpg,131.8079833984375,23.480304552759733,551.3247018903494,3.0,243.0,132.0,0.00311279296875,0.00494384765625,1,6051,0.36932373046875
IMG_20180514_170646586_HDR resized_448.jpg,132.2476806640625,18.65372567175488,347.96148143708706,36.0,251.0,132.0,0.00042724609375,0.00250244140625,1,5974,0.3646240234375
IMG_20180514_170703597_HDR resized_448.jpg,129.61358642578125,22.639951863674604,512.5674203895032,38.0,244.0,130.0,0.00042724609375,0.0009765625,1,6245,0.38116455078125
IMG_20180514_170708710_HDR (1) resized_448.jpg,134.29803466796875,22.90898860344521,524.8217588327825,43.0,216.0,135.0,0.00018310546875,0.0006103515625,1,6128,0.3740234375
IMG_20180514_170708710_HDR resized_448.jpg,134.29803466796875,22.90898860344521,524.8217588327825,43.0,216.0,135.0,0.00018310546875,0.0006103515625,1,6128,0.3740234375
IMG_8404 resized_448.jpg,172.27716064453125,18.140481019146907,329.0770516060293,102.0,251.0,172.0,0.0,0.06280517578125,1,5674,0.3463134765625
IMG_8405 resized_448.jpg,127.561279296875,14.959834888354784,223.796659886837,75.0,224.0,127.0,0.0,0.00048828125,1,5673,0.34625244140625
IMG_8406 resized_448.jpg,128.2662353515625,13.66273954027489,186.6704517453909,78.0,228.0,127.0,0.0,0.00048828125,1,4416,0.26953125
IMG_8407 resized_448.jpg,129.22137451171875,17.49287674963455,306.00073697790504,67.0,219.0,129.0,0.0,0.00018310546875,1,6031,0.36810302734375
IMG_8412 resized_448.jpg,149.08135986328125,25.24194031731323,637.1555509828031,66.0,242.0,148.0,0.0,0.0250244140625,1,6008,0.36669921875
IMG_8413 resized_448.jpg,151.247314453125,27.053596572625985,731.8970875144005,67.0,240.0,151.0,0.0,0.03179931640625,1,6083,0.37127685546875
IMG_8414 resized_448.jpg,154.793212890625,23.217308645319363,539.0434207320213,80.0,237.0,155.0,0.0,0.02435302734375,1,5568,0.33984375
IMG_8415 resized_448.jpg,153.00689697265625,28.485772281110783,811.4392224512994,64.0,248.0,154.0,0.0,0.04461669921875,1,6073,0.37066650390625
IMG_8416 resized_448.jpg,149.1536865234375,25.356487889862898,642.9514781087637,65.0,244.0,149.0,0.0,0.02313232421875,1,6031,0.36810302734375
IMG_8417 resized_448.jpg,137.01751708984375,36.14682749531115,1306.5931379757822,32.0,245.0,138.0,0.00726318359375,0.03070068359375,1,6072,0.37060546875
IMG_8418 resized_448.jpg,137.67578125,34.21561928279647,1170.7086029052734,34.0,239.0,139.0,0.00518798828125,0.02032470703125,1,5690,0.3472900390625
IMG_8419 resized_448.jpg,130.40179443359375,38.10724483082468,1452.1621085964143,27.0,255.0,131.0,0.01397705078125,0.02545166015625,1,6270,0.3826904296875
IMG_8423 resized_448.jpg,133.4056396484375,11.427292552016226,130.5830150693655,84.0,233.0,133.0,0.0,0.000244140625,1,2321,0.14166259765625
IMG_8424 resized_448.jpg,183.08160400390625,11.18807254407077,125.17296725139022,130.0,248.0,183.0,0.0,0.05938720703125,1,1968,0.1201171875
IMG_8426 resized_448.jpg,172.0987548828125,22.16234298741608,491.1694466918707,69.0,253.0,170.0,0.0,0.11077880859375,1,5678,0.3465576171875
IMG_8428 resized_448.jpg,168.38836669921875,22.192593801689377,492.5112196467817,73.0,252.0,169.0,0.0,0.07110595703125,1,6065,0.37017822265625
IMG_8429 resized_448.jpg,123.659423828125,42.857227138808234,1836.741918027401,21.0,252.0,126.0,0.05474853515625,0.0277099609375,1,6272,0.3828125
IMG_8430 resized_448.jpg,128.4654541015625,41.256208433583375,1702.0747343152761,19.0,253.0,131.0,0.03729248046875,0.02606201171875,1,6159,0.37591552734375
IMG_8431 resized_448.jpg,131.0865478515625,39.75020519670719,1580.0788131803274,15.0,237.0,136.0,0.036376953125,0.01995849609375,1,6019,0.36737060546875
IMG_8432 resized_448.jpg,148.95843505859375,37.41509977018205,1399.8896908126771,40.0,249.0,154.0,0.0009765625,0.06365966796875,1,6028,0.367919921875
IMG_8433 resized_448.jpg,146.38348388671875,31.378678011684475,984.6214337609708,40.0,250.0,148.0,0.00067138671875,0.03662109375,1,6115,0.37322998046875
IMG_8434 resized_448.jpg,150.581298828125,31.61590827614392,999.5656561255455,44.0,250.0,151.0,0.00079345703125,0.052490234375,1,6121,0.37359619140625
IMG_8435 resized_448.jpg,147.679931640625,30.75085900723469,945.615329682827,46.0,255.0,148.0,0.00030517578125,0.0428466796875,1,6025,0.36773681640625
IMG_8436 resized_448.jpg,144.09765625,34.1736179878841,1167.836166381836,26.0,255.0,143.0,0.00140380859375,0.05718994140625,1,6144,0.375
IMG_8437 resized_448.jpg,140.86968994140625,33.42829968712473,1117.451219972223,32.0,255.0,139.0,0.0013427734375,0.044189453125,1,5957,0.36358642578125
IMG_8438 resized_448.jpg,139.83807373046875,37.307819248130876,1391.8733770512044,21.0,255.0,140.0,0.007568359375,0.0477294921875,1,6103,0.37249755859375
IMG_8439 resized_448.jpg,145.880859375,35.50657179273173,1260.716640472412,33.0,255.0,146.0,0.00238037109375,0.05841064453125,1,6074,0.3707275390625
IMG_8440 resized_448.jpg,145.43121337890625,35.59994705494407,1267.356230314821,37.0,255.0,147.0,0.00274658203125,0.054931640625,1,6174,0.3768310546875
IMG_8441 resized_448.jpg,128.25030517578125,39.872415009209476,1589.8094786666334,14.0,243.0,131.0,0.031982421875,0.025634765625,1,6342,0.3870849609375
IMG_8442 resized_448.jpg,143.36151123046875,39.61775657821126,1569.5666362904012,21.0,253.0,145.0,0.01123046875,0.06817626953125,1,6246,0.3812255859375
IMG_8443 resized_448.jpg,134.14459228515625,38.18442830839611,1458.050565239042,23.0,250.0,136.0,0.01519775390625,0.03460693359375,1,6281,0.38336181640625
IMG_8444 resized_448.jpg,153.84326171875,34.85684267059702,1214.9994809627533,44.0,255.0,157.0,0.0003662109375,0.08013916015625,1,6228,0.380126953125
IMG_8445 resized_448.jpg,150.0098876953125,33.63048717842906,1131.0096678584814,43.0,253.0,153.0,0.00079345703125,0.055908203125,1,6177,0.37701416015625
IMG_8446 resized_448.jpg,154.55975341796875,35.95748383016015,1292.9406433962286,46.0,255.0,158.0,0.0001220703125,0.08709716796875,1,6237,0.38067626953125
IMG_8447 resized_448.jpg,146.08001708984375,37.75218919691763,1425.2277891598642,43.0,254.0,149.0,0.00042724609375,0.06011962890625,1,6105,0.37261962890625
IMG_8449 resized_448.jpg,124.8529052734375,39.990153437196014,1599.21237193048,45.0,255.0,114.0,0.00018310546875,0.0523681640625,1,5516,0.336669921875
IMG_8453 resized_448.jpg,154.45037841796875,34.14518495868282,1165.8936558626592,56.0,251.0,158.0,0.0,0.07574462890625,1,6340,0.386962890625
IMG_8455 resized_448.jpg,151.99896240234375,32.49851538672743,1056.1535023413599,49.0,255.0,154.0,0.0001220703125,0.0537109375,1,6186,0.3775634765625
IMG_8456 resized_448.jpg,154.73583984375,35.38548934422979,1252.1328561306,46.0,250.0,158.0,0.0001220703125,0.088623046875,1,6262,0.3822021484375
IMG_8462 resized_448.jpg,131.466552734375,15.222999901694301,231.7397260069847,53.0,191.0,132.0,0.0,0.0,1,4891,0.29852294921875
IMG_8463 resized_448.jpg,170.7205810546875,19.599790393048544,384.15178345143795,67.0,230.0,172.0,0.0,0.0513916015625,1,5680,0.3466796875
IMG_8464 resized_448.jpg,172.6566162109375,16.69865198746321,278.8449781984091,77.0,226.0,173.0,0.0,0.043212890625,1,4859,0.29656982421875
IMG_8465 resized_448.jpg,173.39825439453125,20.192011018335453,407.7173089645803,62.0,236.0,175.0,0.0,0.07025146484375,1,5802,0.3541259765625
IMG_8466 resized_448.jpg,170.9263916015625,18.958581416939982,359.42780934274197,74.0,233.0,172.0,0.0,0.04327392578125,1,5569,0.33990478515625
IMG_8467 resized_448.jpg,172.9405517578125,16.917521112562586,286.2025205940008,79.0,229.0,174.0,0.0,0.03424072265625,1,5063,0.30902099609375
IMG_8468 resized_448.jpg,164.45257568359375,34.27440283084121,1174.734689410776,52.0,229.0,173.0,0.0,0.096923828125,1,5524,0.337158203125
IMG_8469 resized_448.jpg,169.0181884765625,13.562388797053613,183.93838988244534,94.0,222.0,169.0,0.0,0.0068359375,1,5058,0.3087158203125
IMG_8470 resized_448.jpg,170.3660888671875,18.85368499592842,355.4614379256964,84.0,226.0,172.0,0.0,0.038818359375,1,6012,0.366943359375
IMG_8471 resized_448.jpg,171.388427734375,18.986529015368195,360.4882840514183,78.0,236.0,173.0,0.0,0.048583984375,1,6075,0.37078857421875
IMG_8472 resized_448.jpg,170.724853515625,19.578199258588903,383.3058862090111,82.0,236.0,172.0,0.0,0.04925537109375,1,6040,0.36865234375
IMG_8473 resized_448.jpg,169.951904296875,22.038468593261044,485.6940979361534,67.0,234.0,172.0,0.0,0.07275390625,1,6298,0.3843994140625
IMG_8474 resized_448.jpg,134.9727783203125,14.241353640416524,202.816153511405,60.0,244.0,135.0,0.0,0.0010986328125,1,5232,0.3193359375
IMG_8475 resized_448.jpg,177.54180908203125,18.955819188371212,359.3230811022222,83.0,255.0,179.0,0.0,0.09600830078125,1,6040,0.36865234375
IMG_8476 resized_448.jpg,176.834228515625,19.750648607094035,390.0881204009056,87.0,255.0,178.0,0.0,0.10107421875,1,6076,0.370849609375
IMG_8477 resized_448.jpg,180.56182861328125,15.625240950514723,244.14815476164222,94.0,253.0,181.0,0.0,0.0841064453125,1,5612,0.342529296875
IMG_8478 resized_448.jpg,189.69781494140625,15.427547086063502,238.00920909270644,93.0,255.0,190.0,0.0,0.23077392578125,1,5582,0.3406982421875
IMG_8479 resized_448.jpg,181.275146484375,18.897324274209723,357.1088647246361,74.0,254.0,182.0,0.0,0.1419677734375,1,5946,0.3629150390625
IMG_8480 resized_448.jpg,187.66259765625,17.83111835328184,317.9487817287445,104.0,255.0,188.0,0.0,0.2249755859375,1,5716,0.348876953125
IMG_8481 resized_448.jpg,181.99774169921875,18.566210100549164,344.70415749773383,95.0,255.0,183.0,0.0,0.151611328125,1,5979,0.36492919921875
IMG_8483 resized_448.jpg,180.89825439453125,19.554744291261176,382.38802429661155,102.0,255.0,182.0,0.0,0.1534423828125,1,6131,0.37420654296875
IMG_8484 resized_448.jpg,181.87921142578125,19.77738033495101,391.14477291330695,95.0,255.0,183.0,0.0,0.173828125,1,6141,0.37481689453125
IMG_8485 resized_448.jpg,183.5673828125,19.280853687831865,371.7513189315796,95.0,252.0,185.0,0.0,0.18701171875,1,6064,0.3701171875
IMG_8486 resized_448.jpg,175.73431396484375,18.64785403865896,347.7424602471292,87.0,252.0,176.0,0.0,0.083251953125,1,6150,0.3753662109375
IMG_8487 resized_448.jpg,172.181884765625,20.54631947828877,422.15124410390854,78.0,252.0,173.0,0.0,0.07666015625,1,6269,0.38262939453125
IMG_8488 resized_448.jpg,183.27899169921875,19.03387920721196,362.2885576747358,97.0,253.0,184.0,0.0,0.18414306640625,1,6090,0.3717041015625
IMG_8489 resized_448.jpg,171.96612548828125,20.03651786908686,401.46204831823707,76.0,247.0,172.0,0.0,0.0731201171875,1,6186,0.3775634765625
IMG_8490 resized_448.jpg,177.4842529296875,18.64264831010207,347.5483360141516,81.0,250.0,178.0,0.0,0.10369873046875,1,5880,0.35888671875
IMG_8491 resized_448.jpg,185.3050537109375,13.948844837891354,194.57027231156826,110.0,244.0,186.0,0.0,0.1226806640625,1,4827,0.29461669921875
IMG_8493 resized_448.jpg,181.49749755859375,18.638476761887276,347.392816003412,91.0,250.0,183.0,0.0,0.14898681640625,1,6014,0.3670654296875
IMG_8504 resized_448.jpg,132.7130126953125,14.65822919758124,214.8636832088232,62.0,211.0,133.0,0.0,0.0006103515625,1,4372,0.266845703125
IMG_8505 resized_448.jpg,175.54547119140625,15.33703814337622,235.2247390113771,95.0,252.0,175.0,0.0,0.05108642578125,1,5038,0.3074951171875
IMG_8506 resized_448.jpg,170.4654541015625,15.279345578507728,233.45840130746365,97.0,250.0,171.0,0.0,0.0283203125,1,4950,0.3021240234375
IMG_8507 resized_448.jpg,174.70904541015625,20.028440501515405,401.1384289227426,83.0,253.0,175.0,0.0,0.09033203125,1,5640,0.34423828125
IMG_8508 resized_448.jpg,169.01092529296875,22.077664765932102,487.4232815168798,69.0,255.0,169.0,0.0,0.0771484375,1,5939,0.36248779296875
IMG_8509 resized_448.jpg,168.87213134765625,17.350922494903667,301.05451142415404,59.0,247.0,169.0,0.0,0.03167724609375,1,5819,0.35516357421875
IMG_8510 resized_448.jpg,170.60650634765625,18.911301859960194,357.6373380385339,60.0,252.0,171.0,0.0,0.04949951171875,1,5844,0.356689453125
IMG_8511 resized_448.jpg,167.27667236328125,23.23305735085764,539.7749538682401,50.0,255.0,168.0,0.0,0.07000732421875,1,6064,0.3701171875
IMG_8512 resized_448.jpg,171.5115966796875,23.66215739668422,559.8976926654577,46.0,255.0,172.0,0.0001220703125,0.10284423828125,1,6182,0.3773193359375
IMG_8513 resized_448.jpg,167.59747314453125,23.20906428535455,538.6606650017202,41.0,250.0,168.0,6.103515625e-05,0.072021484375,1,6142,0.3748779296875
IMG_8514 resized_448.jpg,162.067138671875,28.867332488071423,833.3228849768639,32.0,255.0,163.0,0.0018310546875,0.08148193359375,1,6235,0.38055419921875
IMG_8515 resized_448.jpg,156.5205078125,32.11003754389352,1031.0545110702515,27.0,255.0,159.0,0.00518798828125,0.06689453125,1,6301,0.38458251953125
IMG_8516 resized_448.jpg,171.9532470703125,27.311992928350232,745.9449577182531,40.0,247.0,175.0,0.00042724609375,0.11663818359375,1,6028,0.367919921875
IMG_8517 resized_448.jpg,123.87322998046875,24.480859494883788,599.3124816082418,35.0,244.0,121.0,0.00048828125,0.00823974609375,1,5611,0.34246826171875
IMG_8518 resized_448.jpg,181.621337890625,24.63826773694198,607.0442370772362,84.0,255.0,180.0,0.0,0.20623779296875,1,5974,0.3646240234375
IMG_8519 resized_448.jpg,165.38995361328125,23.697350651047632,561.5644278787076,65.0,253.0,164.0,0.0,0.07733154296875,1,5892,0.359619140625
IMG_8520 resized_448.jpg,174.061767578125,23.087973804031993,533.0545343756676,90.0,255.0,172.0,0.0,0.12640380859375,1,5827,0.35565185546875
IMG_8521 resized_448.jpg,158.9910888671875,26.87118057317913,722.0603453963995,56.0,255.0,156.0,0.0,0.079345703125,1,5975,0.36468505859375
IMG_8522 resized_448.jpg,162.81317138671875,27.22630482932091,741.2716746591032,38.0,255.0,162.0,0.000732421875,0.08453369140625,1,6058,0.3697509765625
IMG_8523 resized_448.jpg,160.846923828125,26.48015739481837,701.1987356543541,36.0,254.0,160.0,0.00079345703125,0.0718994140625,1,5982,0.3651123046875
IMG_8524 resized_448.jpg,165.99462890625,27.84706367871399,775.4589555263519,49.0,255.0,166.0,6.103515625e-05,0.10394287109375,1,6019,0.36737060546875
IMG_8525 resized_448.jpg,171.85015869140625,27.1230908426673,735.6620568595827,45.0,255.0,172.0,6.103515625e-05,0.1375732421875,1,6018,0.3673095703125
IMG_8526 resized_448.jpg,172.99847412109375,26.380343895757164,695.9225440584123,48.0,254.0,173.0,6.103515625e-05,0.143310546875,1,6012,0.366943359375
IMG_8527 resized_448.jpg,165.65814208984375,25.109820135781437,630.5030672512949,55.0,255.0,165.0,0.0,0.083251953125,1,6007,0.36663818359375
IMG_8528 resized_448.jpg,162.2720947265625,27.7805282809588,771.7577515691519,39.0,255.0,161.0,0.0001220703125,0.085205078125,1,6007,0.36663818359375
IMG_8529 resized_448.jpg,172.31072998046875,21.613756833944766,467.15448447689414,54.0,249.0,172.0,0.0,0.0810546875,1,5836,0.356201171875
IMG_8530 resized_448.jpg,154.92218017578125,27.300110019251566,745.2960070632398,37.0,255.0,153.0,0.0010986328125,0.05572509765625,1,5982,0.3651123046875
IMG_8531 resized_448.jpg,171.54718017578125,27.097396409896575,734.2688921950758,39.0,246.0,173.0,0.0006103515625,0.1153564453125,1,6026,0.3677978515625
IMG_8532 resized_448.jpg,163.761962890625,27.61076509401266,762.3543490767479,42.0,255.0,166.0,0.00018310546875,0.076416015625,1,6042,0.3687744140625
IMG_8533 resized_448.jpg,170.9375,26.715592832475664,713.722900390625,45.0,255.0,173.0,0.0001220703125,0.10687255859375,1,5968,0.3642578125
IMG_20180705_130729936 resized_448.jpg,157.23876953125,12.576576801054477,158.17028403282166,94.0,217.0,157.0,0.0,0.00054931640625,0,3318,0.2025146484375
IMG_20180705_130731751 resized_448.jpg,157.73052978515625,14.458038204177921,209.0348687134683,103.0,235.0,157.0,0.0,0.01446533203125,0,2923,0.17840576171875
IMG_20180705_130732496 resized_448.jpg,159.7799072265625,12.024110974120108,144.5792447179556,105.0,225.0,160.0,0.0,0.00054931640625,0,2784,0.169921875
IMG_20180705_130732993 resized_448.jpg,160.01654052734375,11.976255493652282,143.43069564923644,110.0,229.0,160.0,0.0,0.0009765625,0,2748,0.167724609375
IMG_20180705_130733329 resized_448.jpg,166.107666015625,17.85519157099391,318.80786603689194,118.0,249.0,164.0,0.0,0.054443359375,0,3051,0.18621826171875
IMG_20180705_130733660 resized_448.jpg,167.26617431640625,17.0150765626401,289.5128304325044,119.0,249.0,166.0,0.0,0.04388427734375,0,3024,0.1845703125
IMG_20180705_130733991 resized_448.jpg,159.4681396484375,14.30680446023188,204.6846538633108,103.0,244.0,159.0,0.0,0.01251220703125,0,2556,0.156005859375
IMG_20180705_130734324 resized_448.jpg,159.19268798828125,15.754418488334577,248.20170190557837,75.0,244.0,158.0,0.0,0.02239990234375,0,2162,0.1319580078125
IMG_20180705_130734659 resized_448.jpg,153.722412109375,12.324216967792655,151.88632386922836,103.0,211.0,154.0,0.0,0.00030517578125,0,2461,0.15020751953125
IMG_20180705_130734991 resized_448.jpg,152.84521484375,12.537569188833203,157.19064116477966,99.0,212.0,153.0,0.0,0.00048828125,0,2641,0.16119384765625
IMG_20180705_130735324 resized_448.jpg,153.2274169921875,12.285509966805485,150.9337551444769,99.0,219.0,153.0,0.0,0.0006103515625,0,2766,0.1688232421875
IMG_20180705_130735657 resized_448.jpg,153.93017578125,12.211809992356311,149.12830328941345,99.0,220.0,154.0,0.0,0.000732421875,0,2628,0.160400390625
IMG_20180705_130735989 resized_448.jpg,155.32183837890625,13.971214010842768,195.19482093676925,102.0,245.0,155.0,0.0,0.00970458984375,0,2875,0.17547607421875
IMG_20180705_130736323 resized_448.jpg,155.2103271484375,13.345664594436377,178.10676346719265,97.0,225.0,155.0,0.0,0.00262451171875,0,2835,0.17303466796875
IMG_20180705_130736655 resized_448.jpg,152.65869140625,12.770762340147119,163.0923707485199,92.0,215.0,153.0,0.0,0.00079345703125,0,2890,0.1763916015625
IMG_20180705_130736987 resized_448.jpg,150.0518798828125,12.68445425577395,160.89537976682186,54.0,210.0,151.0,0.0,0.00042724609375,0,2862,0.1746826171875
IMG_20180705_130737319 resized_448.jpg,147.79864501953125,12.499767404865848,156.24418517574668,87.0,206.0,148.0,0.0,0.0001220703125,0,2644,0.161376953125
IMG_20180705_130737652 resized_448.jpg,148.41571044921875,12.586045633386668,158.4085446856916,81.0,205.0,149.0,0.0,0.0001220703125,0,2450,0.1495361328125
IMG_20180705_130737985 resized_448.jpg,150.96307373046875,12.718415659972639,161.75809689983726,87.0,213.0,151.0,0.0,0.00042724609375,0,2568,0.15673828125
IMG_20180705_130738321 resized_448.jpg,150.096435546875,12.127148327306235,147.06772655248642,84.0,206.0,150.0,0.0,0.00030517578125,0,2520,0.15380859375
IMG_20180705_130738655 resized_448.jpg,151.699462890625,12.379931534125644,153.26270478963852,98.0,211.0,152.0,0.0,0.0003662109375,0,2408,0.14697265625
IMG_20180705_130738987 resized_448.jpg,153.87896728515625,12.294385548832597,151.1519160233438,101.0,215.0,154.0,0.0,0.00042724609375,0,2285,0.13946533203125
IMG_20180705_130739321 resized_448.jpg,155.43231201171875,13.096926202488504,171.52947595342994,103.0,226.0,155.0,0.0,0.001708984375,0,2624,0.16015625
IMG_20180705_130739654 resized_448.jpg,156.58453369140625,12.922987125371488,167.00359624251723,110.0,218.0,157.0,0.0,0.0015869140625,0,2552,0.15576171875
IMG_20180705_130739987 resized_448.jpg,155.69610595703125,12.246461720847346,149.97582468017936,111.0,210.0,156.0,0.0,0.00067138671875,0,2351,0.14349365234375
IMG_20180705_130740323 resized_448.jpg,156.31695556640625,12.522111911635267,156.80328672751784,109.0,212.0,157.0,0.0,0.00079345703125,0,2541,0.15509033203125
IMG_20180705_130740656 resized_448.jpg,157.0665283203125,13.55465706978496,183.7287282794714,98.0,228.0,157.0,0.0,0.00469970703125,0,2601,0.15875244140625
IMG_20180705_130740989 resized_448.jpg,158.615478515625,13.788722806209847,190.12887662649155,107.0,230.0,159.0,0.0,0.00555419921875,0,2941,0.17950439453125
IMG_20180705_130741322 resized_448.jpg,167.102783203125,21.98977550200957,483.55022662878036,116.0,255.0,164.0,0.0,0.0595703125,0,2986,0.1822509765625
IMG_20180705_130741655 resized_448.jpg,158.7491455078125,11.60432939448137,134.66046069562435,110.0,214.0,159.0,0.0,0.0003662109375,0,2344,0.14306640625
IMG_20180705_130741989 resized_448.jpg,162.841064453125,15.831132742353025,250.62476390600204,113.0,245.0,162.0,0.0,0.0289306640625,0,2396,0.146240234375
IMG_20180705_130742323 resized_448.jpg,160.14764404296875,13.147497109354392,172.8566802404821,108.0,222.0,160.0,0.0,0.00311279296875,0,2569,0.15679931640625
IMG_20180705_130742655 resized_448.jpg,166.3302001953125,21.58351786020158,465.8482432216406,108.0,255.0,163.0,0.0,0.0662841796875,0,2675,0.16326904296875
IMG_20180705_130742988 resized_448.jpg,166.05902099609375,22.023023074287824,485.01354533061385,108.0,255.0,162.0,0.0,0.08355712890625,0,3022,0.1844482421875
IMG_20180705_130743321 resized_448.jpg,161.04522705078125,17.831187919467013,317.9512626193464,108.0,253.0,159.0,0.0,0.039794921875,0,3070,0.1873779296875
IMG_20180705_130743653 resized_448.jpg,159.1353759765625,15.409743312916337,237.46018896996975,109.0,244.0,158.0,0.0,0.01629638671875,0,2606,0.1590576171875
IMG_20180705_130743987 resized_448.jpg,157.32122802734375,13.358347860943736,178.4454575739801,101.0,235.0,157.0,0.0,0.0048828125,0,2875,0.17547607421875
IMG_20180705_130744320 resized_448.jpg,157.0880126953125,14.021940392086034,196.61481235921383,106.0,222.0,157.0,0.0,0.00457763671875,0,2634,0.1607666015625
IMG_20180705_130744653 resized_448.jpg,157.86273193359375,15.490677096613267,239.96107691153884,106.0,255.0,157.0,0.0,0.01507568359375,0,2882,0.1759033203125
IMG_20180705_130744988 resized_448.jpg,162.88720703125,24.371325793035204,593.9615209102631,107.0,255.0,158.0,0.0,0.0748291015625,0,3190,0.1947021484375
IMG_20180705_130745320 resized_448.jpg,155.8350830078125,13.006792833268424,169.17665980756283,104.0,215.0,156.0,0.0,0.0010986328125,0,3053,0.18634033203125
IMG_20180705_130745654 resized_448.jpg,157.3028564453125,13.382885987279899,179.10163734853268,105.0,218.0,158.0,0.0,0.00164794921875,0,2924,0.178466796875
IMG_20180705_130745987 resized_448.jpg,156.68292236328125,13.255309643495663,175.7032337449491,104.0,251.0,157.0,0.0,0.00616455078125,0,3033,0.18511962890625
IMG_20180705_130746319 resized_448.jpg,166.35003662109375,24.960116550440013,623.0074182115495,104.0,255.0,162.0,0.0,0.08416748046875,0,3041,0.18560791015625
IMG_20180705_130746652 resized_448.jpg,157.63262939453125,12.783918665100062,163.42857643589377,107.0,232.0,158.0,0.0,0.000732421875,0,2837,0.17315673828125
IMG_20180705_130746985 resized_448.jpg,158.34588623046875,14.6344847356267,214.16814347729087,103.0,227.0,158.0,0.0,0.006103515625,0,3303,0.20159912109375
IMG_20180705_130747318 resized_448.jpg,158.07586669921875,12.143125088696522,147.4554869197309,105.0,210.0,159.0,0.0,0.00048828125,0,3124,0.190673828125
IMG_20180705_130747652 resized_448.jpg,159.09686279296875,13.767822431084356,189.55293449386954,102.0,219.0,159.0,0.0,0.00445556640625,0,2940,0.179443359375
IMG_20180705_130747985 resized_448.jpg,160.300537109375,14.484105637482886,209.78931611776352,113.0,244.0,160.0,0.0,0.0169677734375,0,2815,0.17181396484375
IMG_20180705_130748317 resized_448.jpg,159.8638916015625,13.351021872903578,178.24978505074978,98.0,234.0,160.0,0.0,0.00811767578125,0,3074,0.1876220703125
IMG_20180705_130748649 resized_448.jpg,159.07525634765625,13.334818917561973,177.8173955641687,97.0,239.0,159.0,0.0,0.00933837890625,0,2618,0.1597900390625
IMG_8658 resized_448.jpg,152.954345703125,22.042658076107266,485.87877506017685,66.0,253.0,154.0,0.0,0.00927734375,0,6047,0.36907958984375
IMG_8659 resized_448.jpg,161.86383056640625,24.60228470031185,605.2724124751985,57.0,246.0,164.0,0.0,0.0400390625,0,5964,0.364013671875
IMG_8660 resized_448.jpg,150.62213134765625,26.407245745803028,697.3426278792322,48.0,255.0,152.0,6.103515625e-05,0.0211181640625,0,6220,0.379638671875
IMG_8661 resized_448.jpg,163.0667724609375,25.981230725895383,675.0243500322104,62.0,248.0,166.0,0.0,0.04931640625,0,5635,0.34393310546875
IMG_8662 resized_448.jpg,158.66107177734375,24.376726365622154,594.2247883044183,68.0,243.0,161.0,0.0,0.01953125,0,5576,0.34033203125
IMG_8663 resized_448.jpg,161.5748291015625,22.426077920984298,502.92897091805935,76.0,245.0,164.0,0.0,0.0216064453125,0,5686,0.3470458984375
IMG_8664 resized_448.jpg,155.2275390625,20.34571463244101,413.9481039047241,75.0,234.0,156.0,0.0,0.00811767578125,0,5361,0.32720947265625
IMG_8665 resized_448.jpg,157.158935546875,19.314905120254657,373.06555980443954,71.0,222.0,158.0,0.0,0.0064697265625,0,4912,0.2998046875
IMG_8666 resized_448.jpg,165.79058837890625,16.27316653325482,264.81594901904464,99.0,232.0,166.0,0.0,0.010009765625,0,5323,0.32489013671875
IMG_8667 resized_448.jpg,164.78082275390625,22.040129990250477,485.7673299871385,60.0,248.0,166.0,0.0,0.04315185546875,0,6036,0.368408203125
IMG_8668 resized_448.jpg,165.27679443359375,15.656229995550103,245.11753767356277,83.0,236.0,165.0,0.0,0.010498046875,0,4772,0.291259765625
IMG_8669 resized_448.jpg,165.45068359375,14.591081779684794,212.89966750144958,101.0,235.0,166.0,0.0,0.00457763671875,0,5210,0.3179931640625
IMG_8670 resized_448.jpg,164.79022216796875,17.30487618687922,299.4587398432195,89.0,236.0,166.0,0.0,0.0111083984375,0,5567,0.33978271484375
IMG_8671 resized_448.jpg,162.8228759765625,22.327184618279997,498.5031729787588,80.0,247.0,164.0,0.0,0.0333251953125,0,6058,0.3697509765625
IMG_8672 resized_448.jpg,155.8365478515625,18.66220047996876,348.27772675454617,48.0,242.0,156.0,6.103515625e-05,0.00909423828125,0,5746,0.3507080078125
IMG_8673 resized_448.jpg,168.19464111328125,20.150096398195018,406.0263848565519,91.0,250.0,167.0,0.0,0.05706787109375,0,5669,0.34600830078125
IMG_8674 resized_448.jpg,168.05242919921875,22.143224369012138,490.32238545641303,96.0,235.0,169.0,0.0,0.06591796875,0,5337,0.32574462890625
IMG_8675 resized_448.jpg,171.5740966796875,21.52028823181736,463.1228055804968,90.0,244.0,173.0,0.0,0.07861328125,0,5110,0.3118896484375
IMG_8676 resized_448.jpg,151.88580322265625,24.336677779959523,592.2738853655756,68.0,251.0,152.0,0.0,0.017822265625,0,6145,0.37506103515625
IMG_8677 resized_448.jpg,155.533935546875,17.97016151357496,322.9267048239708,83.0,239.0,156.0,0.0,0.00469970703125,0,5536,0.337890625
IMG_8678 resized_448.jpg,154.09503173828125,19.46498922153569,378.8858053945005,81.0,229.0,154.0,0.0,0.0084228515625,0,5803,0.35418701171875
IMG_8679 resized_448.jpg,151.8331298828125,23.68283803622208,560.8768174499273,63.0,232.0,155.0,0.0,0.00592041015625,0,4715,0.28778076171875
IMG_8680 resized_448.jpg,160.66448974609375,20.77385427041477,431.55302124843,70.0,236.0,161.0,0.0,0.02093505859375,0,5038,0.3074951171875
IMG_8681 resized_448.jpg,172.56451416015625,13.15310840731961,173.00426077470183,103.0,248.0,173.0,0.0,0.01336669921875,0,3880,0.23681640625
IMG_8682 resized_448.jpg,166.107421875,13.251830784254736,175.61101913452148,109.0,227.0,166.0,0.0,0.00628662109375,0,3859,0.23553466796875
IMG_8683 resized_448.jpg,164.1705322265625,14.532076448606412,211.18124590814114,108.0,242.0,163.0,0.0,0.00885009765625,0,3609,0.22027587890625
IMG_8684 resized_448.jpg,146.69146728515625,23.101074203188364,533.6596293412149,47.0,234.0,150.0,6.103515625e-05,0.00384521484375,0,5232,0.3193359375
IMG_8685 resized_448.jpg,150.5145263671875,17.842365558165735,318.35000871121883,68.0,247.0,150.0,0.0,0.0050048828125,0,5631,0.34368896484375
IMG_8686 resized_448.jpg,145.9886474609375,18.24098779584851,332.73363576829433,66.0,225.0,146.0,0.0,0.00164794921875,0,5632,0.34375
IMG_8687 resized_448.jpg,154.0194091796875,18.757667422974833,351.85008715093136,76.0,235.0,154.0,0.0,0.00616455078125,0,5616,0.3427734375
IMG_8688 resized_448.jpg,149.52825927734375,23.52255778716983,553.310724850744,69.0,244.0,150.0,0.0,0.010986328125,0,5951,0.36322021484375
IMG_8689 resized_448.jpg,131.32275390625,28.11408563978763,790.4018113613129,35.0,248.0,132.0,0.0010986328125,0.0054931640625,0,6183,0.37738037109375
IMG_8690 resized_448.jpg,149.48931884765625,20.96519875328033,439.5395587645471,63.0,236.0,150.0,0.0,0.00762939453125,0,5856,0.357421875
IMG_8691 resized_448.jpg,145.08331298828125,21.94908114135737,481.7621629498899,58.0,240.0,145.0,0.0,0.00543212890625,0,5805,0.35430908203125
IMG_8692 resized_448.jpg,144.0020751953125,22.837868398741858,521.5682329982519,45.0,237.0,144.0,6.103515625e-05,0.00653076171875,0,5746,0.3507080078125
IMG_8693 resized_448.jpg,139.5257568359375,25.376389195029105,643.96112857759,54.0,238.0,141.0,0.0,0.004638671875,0,5962,0.3638916015625
IMG_8694 resized_448.jpg,135.70166015625,24.6933088928928,609.7595040798187,54.0,238.0,136.0,0.0,0.003173828125,0,5992,0.36572265625
IMG_8695 resized_448.jpg,138.8580322265625,22.318831416010678,498.1302357763052,53.0,240.0,139.0,0.0,0.002685546875,0,5790,0.3533935546875
IMG_8696 resized_448.jpg,141.29547119140625,21.798124717705484,475.1582412086427,66.0,233.0,142.0,0.0,0.0028076171875,0,5855,0.35736083984375
IMG_8697 resized_448.jpg,146.9805908203125,21.249336254398486,451.53429125249386,67.0,244.0,147.0,0.0,0.0048828125,0,5751,0.35101318359375
IMG_8698 resized_448.jpg,133.8192138671875,25.523549308508606,651.4515693038702,37.0,233.0,133.0,0.00018310546875,0.0059814453125,0,5970,0.3643798828125
IMG_8699 resized_448.jpg,133.43048095703125,24.971090239849904,623.5553477667272,45.0,255.0,133.0,6.103515625e-05,0.00457763671875,0,5958,0.3636474609375
IMG_8700 resized_448.jpg,134.10504150390625,23.712182349390332,562.2675917707384,40.0,236.0,134.0,0.0001220703125,0.00341796875,0,5919,0.36126708984375
IMG_8701 resized_448.jpg,140.427001953125,23.70925871107957,562.1289486289024,65.0,230.0,140.0,0.0,0.0064697265625,0,5964,0.364013671875
IMG_8702 resized_448.jpg,132.61187744140625,23.19631756286258,538.0691484771669,44.0,251.0,132.0,6.103515625e-05,0.0054931640625,0,5819,0.35516357421875
IMG_8703 resized_448.jpg,128.54547119140625,22.71691248904249,516.0581130348146,43.0,236.0,128.0,6.103515625e-05,0.00189208984375,0,5870,0.3582763671875
IMG_8704 resized_448.jpg,139.77716064453125,27.098416613405394,734.3241829536855,43.0,249.0,140.0,6.103515625e-05,0.01055908203125,0,6073,0.37066650390625
IMG_8705 resized_448.jpg,148.04486083984375,25.371177681350193,643.6966569386423,63.0,237.0,148.0,0.0,0.01806640625,0,5912,0.36083984375
IMG_8706 resized_448.jpg,146.33551025390625,18.383349871512266,337.94755249843,83.0,255.0,145.0,0.0,0.00775146484375,0,5514,0.3365478515625
IMG_8707 resized_448.jpg,146.85064697265625,18.111537856750445,328.0278035365045,78.0,239.0,146.0,0.0,0.0037841796875,0,5525,0.33721923828125
IMG_8708 resized_448.jpg,145.0343017578125,18.917137106843057,357.8580763190985,80.0,247.0,144.0,0.0,0.00457763671875,0,5461,0.33331298828125
IMG_8709 resized_448.jpg,148.91107177734375,17.48009371381834,305.55367624387145,82.0,241.0,149.0,0.0,0.003173828125,0,5465,0.33355712890625
IMG_8710 resized_448.jpg,146.70709228515625,19.561279002737237,382.64363622292876,58.0,243.0,146.0,0.0,0.00469970703125,0,5647,0.34466552734375
IMG_8711 resized_448.jpg,146.88958740234375,19.719470048652045,388.85749899968505,75.0,244.0,147.0,0.0,0.00482177734375,0,5652,0.344970703125
IMG_8712 resized_448.jpg,148.01220703125,18.28875306530493,334.47848868370056,75.0,245.0,148.0,0.0,0.0040283203125,0,5612,0.342529296875
IMG_8713 resized_448.jpg,150.12261962890625,18.410684049771564,338.95328718051314,84.0,238.0,150.0,0.0,0.0045166015625,0,5685,0.34698486328125
IMG_8714 resized_448.jpg,146.7047119140625,18.618122478751808,346.63448463380337,76.0,235.0,146.0,0.0,0.003173828125,0,5640,0.34423828125
IMG_8715 resized_448.jpg,146.86297607421875,18.570263825935733,344.85469856485724,78.0,230.0,147.0,0.0,0.0030517578125,0,5777,0.35260009765625
IMG_8716 resized_448.jpg,148.0743408203125,17.317842863655038,299.90768145024776,81.0,222.0,148.0,0.0,0.00244140625,0,5597,0.34161376953125
IMG_8717 resized_448.jpg,150.26031494140625,17.906496706918258,320.6426243148744,62.0,220.0,150.0,0.0,0.00494384765625,0,5487,0.33489990234375
IMG_8718 resized_448.jpg,148.48779296875,18.564669286441667,344.64694571495056,66.0,234.0,149.0,0.0,0.003662109375,0,5525,0.33721923828125
IMG_8719 resized_448.jpg,147.5499267578125,18.611803800741395,346.39924071729183,77.0,228.0,147.0,0.0,0.00372314453125,0,5355,0.32684326171875
IMG_8720 resized_448.jpg,149.886962890625,18.88649318840462,356.69962495565414,73.0,253.0,150.0,0.0,0.0052490234375,0,5516,0.336669921875
IMG_8721 resized_448.jpg,130.82135009765625,27.850895297644588,775.6723688803613,34.0,237.0,132.0,0.0009765625,0.00390625,0,6178,0.3770751953125
IMG_8722 resized_448.jpg,155.65692138671875,15.91026041334892,253.13638642057776,90.0,235.0,156.0,0.0,0.00311279296875,0,4866,0.2969970703125
IMG_8723 resized_448.jpg,151.65679931640625,16.684392966538354,278.36896866187453,85.0,243.0,151.0,0.0,0.00323486328125,0,5229,0.31915283203125
IMG_8724 resized_448.jpg,150.428466796875,16.522597428197788,272.9962257742882,85.0,243.0,150.0,0.0,0.00311279296875,0,5123,0.31268310546875
IMG_8725 resized_448.jpg,149.8544921875,16.478699980958417,271.54755306243896,82.0,235.0,150.0,0.0,0.00238037109375,0,5161,0.31500244140625
IMG_8726 resized_448.jpg,150.91619873046875,16.89124279928082,285.3140833042562,78.0,236.0,151.0,0.0,0.00286865234375,0,5153,0.31451416015625
IMG_8727 resized_448.jpg,149.444580078125,16.882589581459634,285.02183097600937,80.0,221.0,149.0,0.0,0.0018310546875,0,5270,0.3216552734375
IMG_8728 resized_448.jpg,150.3875732421875,16.563971982628903,274.36516784131527,74.0,224.0,150.0,0.0,0.00213623046875,0,5160,0.31494140625
IMG_8729 resized_448.jpg,151.71875,16.5391566040072,273.543701171875,87.0,222.0,152.0,0.0,0.00311279296875,0,5231,0.31927490234375
IMG_8730 resized_448.jpg,151.92425537109375,16.138142281140915,260.4396362863481,85.0,217.0,152.0,0.0,0.0029296875,0,5002,0.3052978515625
IMG_8731 resized_448.jpg,151.835205078125,16.3414439056892,267.0427889227867,75.0,236.0,152.0,0.0,0.00323486328125,0,5122,0.3126220703125
IMG_8747 resized_448.jpg,162.4871826171875,23.40732603025328,547.9029118865728,79.0,245.0,167.0,0.0,0.02569580078125,0,4353,0.26568603515625
IMG_8748 resized_448.jpg,147.99371337890625,21.092329744544912,444.886374052614,63.0,255.0,146.0,0.0,0.01690673828125,0,5803,0.35418701171875
IMG_8749 resized_448.jpg,156.019775390625,17.872103528120665,319.41208451986313,89.0,249.0,154.0,0.0,0.01751708984375,0,5438,0.3319091796875
IMG_8750 resized_448.jpg,159.41033935546875,18.238398443001984,332.63917776569724,103.0,251.0,157.0,0.0,0.02740478515625,0,5598,0.3416748046875
IMG_8751 resized_448.jpg,157.2470703125,17.327233583105343,300.23302364349365,74.0,251.0,156.0,0.0,0.01544189453125,0,5537,0.33795166015625
IMG_8752 resized_448.jpg,156.05810546875,17.938879185997486,321.80338644981384,71.0,243.0,155.0,0.0,0.01580810546875,0,5420,0.330810546875
IMG_8753 resized_448.jpg,158.1480712890625,21.260993220116866,452.02983270585537,81.0,255.0,156.0,0.0,0.03973388671875,0,5840,0.3564453125
IMG_8754 resized_448.jpg,162.0679931640625,18.672990054988603,348.68055759370327,57.0,255.0,160.0,0.0,0.03521728515625,0,5819,0.35516357421875
IMG_8755 resized_448.jpg,149.626220703125,21.263114886164434,452.12005466222763,78.0,249.0,148.0,0.0,0.0205078125,0,5771,0.35223388671875
IMG_8756 resized_448.jpg,150.922607421875,21.671970566619308,469.67430824041367,83.0,255.0,148.0,0.0,0.02789306640625,0,5875,0.35858154296875
IMG_8757 resized_448.jpg,150.32794189453125,21.141836059004962,446.9772319458425,76.0,252.0,148.0,0.0,0.0264892578125,0,5890,0.3594970703125
IMG_8758 resized_448.jpg,155.2679443359375,18.875206506859442,356.273420676589,77.0,252.0,153.0,0.0,0.0228271484375,0,5854,0.3572998046875
IMG_8759 resized_448.jpg,169.0455322265625,13.721210167363855,188.27160845696926,99.0,246.0,169.0,0.0,0.01727294921875,0,4555,0.27801513671875
IMG_8760 resized_448.jpg,169.42218017578125,14.281914089208108,203.97307005152106,103.0,252.0,169.0,0.0,0.02264404296875,0,4551,0.27777099609375
IMG_8761 resized_448.jpg,168.893310546875,14.423185855148452,208.0282902121544,107.0,249.0,168.0,0.0,0.028076171875,0,4824,0.29443359375
IMG_8762 resized_448.jpg,166.06707763671875,15.499868639338398,240.24592783674598,107.0,246.0,164.0,0.0,0.0299072265625,0,4862,0.2967529296875
IMG_8763 resized_448.jpg,173.46319580078125,14.573066108492144,212.37425580248237,115.0,248.0,172.0,0.0,0.04254150390625,0,4069,0.24835205078125
IMG_8764 resized_448.jpg,174.60113525390625,13.698662193045251,187.65334587916732,118.0,239.0,174.0,0.0,0.04034423828125,0,4152,0.25341796875
IMG_8765 resized_448.jpg,170.4927978515625,13.911667550207465,193.53449402749538,116.0,249.0,169.0,0.0,0.0308837890625,0,4283,0.26141357421875
IMG_8766 resized_448.jpg,172.88055419921875,15.325120844289678,234.85932889208198,116.0,249.0,171.0,0.0,0.0472412109375,0,4136,0.25244140625
IMG_8767 resized_448.jpg,169.91888427734375,15.143993105292003,229.3405271731317,116.0,246.0,168.0,0.0,0.03485107421875,0,4156,0.253662109375
IMG_8768 resized_448.jpg,133.522705078125,23.401756016904795,547.6421846747398,52.0,255.0,132.0,0.0,0.00848388671875,0,6092,0.371826171875
IMG_8769 resized_448.jpg,131.6566162109375,22.71040150672917,515.7623365968466,70.0,255.0,128.0,0.0,0.010498046875,0,5928,0.36181640625
IMG_8770 resized_448.jpg,142.9376220703125,21.428268001421927,459.1706695407629,79.0,255.0,140.0,0.0,0.0133056640625,0,5986,0.3653564453125
IMG_8771 resized_448.jpg,151.46112060546875,22.028636305823458,485.2608174942434,89.0,255.0,149.0,0.0,0.02642822265625,0,6198,0.3782958984375
IMG_8772 resized_448.jpg,158.3548583984375,23.609740614505824,557.4198518842459,92.0,255.0,157.0,0.0,0.04302978515625,0,6065,0.37017822265625
IMG_8773 resized_448.jpg,168.75616455078125,24.010146065734858,576.487114097923,92.0,255.0,167.0,0.0,0.1026611328125,0,5977,0.36480712890625
IMG_8774 resized_448.jpg,168.036865234375,15.43453787173006,238.22495931386948,107.0,255.0,168.0,0.0,0.01934814453125,0,4460,0.272216796875
IMG_8775 resized_448.jpg,170.8428955078125,15.003612059072958,225.1083748191595,109.0,243.0,171.0,0.0,0.025634765625,0,4447,0.27142333984375
IMG_8776 resized_448.jpg,169.5130615234375,18.51510284870619,342.809033498168,67.0,255.0,168.0,0.0,0.0577392578125,0,5674,0.3463134765625
IMG_8777 resized_448.jpg,166.9716796875,15.031998867485568,225.9609899520874,87.0,235.0,167.0,0.0,0.01373291015625,0,5000,0.30517578125
IMG_8778 resized_448.jpg,165.16229248046875,15.754253409992238,248.19650050625205,105.0,236.0,165.0,0.0,0.0166015625,0,5374,0.3280029296875
IMG_8779 resized_448.jpg,129.53558349609375,13.836268909298877,191.44233733043075,80.0,212.0,130.0,0.0,0.000244140625,0,4271,0.26068115234375
IMG_8781 resized_448.jpg,171.81231689453125,15.110118006329495,228.31566616520286,121.0,248.0,172.0,0.0,0.0286865234375,0,4670,0.2850341796875
IMG_8784 resized_448.jpg,151.59503173828125,26.09629950538906,681.0168478749692,74.0,254.0,149.0,0.0,0.04510498046875,0,6156,0.375732421875
IMG_8785 resized_448.jpg,156.6358642578125,25.01079547940897,625.5398905128241,67.0,255.0,155.0,0.0,0.05126953125,0,6054,0.3695068359375
IMG_8786 resized_448.jpg,155.83917236328125,24.629187484983873,606.5968761704862,45.0,254.0,155.0,6.103515625e-05,0.041259765625,0,6024,0.36767578125
IMG_8787 resized_448.jpg,159.5128173828125,12.339242918138163,152.25691579282284,115.0,218.0,160.0,0.0,0.0015869140625,0,3496,0.21337890625
IMG_8788 resized_448.jpg,160.81390380859375,13.039368145179154,170.02512162551284,117.0,230.0,161.0,0.0,0.00286865234375,0,4085,0.24932861328125
IMG_8789 resized_448.jpg,167.40924072265625,13.531450816193955,183.10016119107604,110.0,226.0,168.0,0.0,0.00921630859375,0,3731,0.22772216796875
IMG_8790 resized_448.jpg,172.86468505859375,13.705839523159497,187.85003703460097,115.0,238.0,174.0,0.0,0.01470947265625,0,2785,0.16998291015625
IMG_8791 resized_448.jpg,172.1749267578125,14.491428677724937,210.0015051215887,113.0,235.0,173.0,0.0,0.02288818359375,0,3196,0.195068359375
IMG_8792 resized_448.jpg,167.78643798828125,14.901142637787274,222.0440519116819,105.0,233.0,168.0,0.0,0.0125732421875,0,3539,0.21600341796875
IMG_8793 resized_448.jpg,169.97125244140625,16.061229772359624,257.96310180053115,109.0,224.0,172.0,0.0,0.01580810546875,0,3372,0.205810546875
IMG_8794 resized_448.jpg,177.2950439453125,11.212986413293715,125.73106430470943,99.0,241.0,177.0,0.0,0.01812744140625,0,1871,0.11419677734375
IMG_8795 resized_448.jpg,180.81787109375,10.434267274403876,108.87393355369568,114.0,253.0,181.0,0.0,0.0313720703125,0,1964,0.119873046875
IMG_8796 resized_448.jpg,169.9072265625,10.847168792992457,117.66107082366943,116.0,230.0,169.0,0.0,0.00689697265625,0,2303,0.14056396484375
IMG_8798 resized_448.jpg,169.01776123046875,13.599800717592279,184.9545795582235,116.0,220.0,169.0,0.0,0.00567626953125,0,1307,0.07977294921875
IMG_8799 resized_448.jpg,162.8133544921875,13.211242969462162,174.5369407981634,117.0,210.0,162.0,0.0,0.00115966796875,0,1607,0.09808349609375
IMG_8800 resized_448.jpg,161.70281982421875,13.35106656326439,178.25097837671638,112.0,213.0,161.0,0.0,0.001220703125,0,1858,0.1134033203125
IMG_8801 resized_448.jpg,166.077880859375,14.011340586842254,196.317665040493,118.0,229.0,165.0,0.0,0.00592041015625,0,2633,0.16070556640625
IMG_8802 resized_448.jpg,167.439697265625,13.222961293791263,174.8467053771019,119.0,217.0,167.0,0.0,0.0057373046875,0,2399,0.14642333984375
IMG_8803 resized_448.jpg,164.55841064453125,12.778857558533664,163.29920050129294,120.0,212.0,164.0,0.0,0.001953125,0,1820,0.111083984375
IMG_8804 resized_448.jpg,165.41290283203125,13.184527657526523,173.83176955208182,122.0,218.0,165.0,0.0,0.0054931640625,0,2415,0.14739990234375
IMG_8805 resized_448.jpg,172.92730712890625,12.669640926076433,160.5198011957109,127.0,224.0,173.0,0.0,0.01934814453125,0,2762,0.1685791015625
IMG_8806 resized_448.jpg,171.95245361328125,12.491364110031828,156.03417732939124,118.0,222.0,172.0,0.0,0.00726318359375,0,2192,0.1337890625
IMG_8807 resized_448.jpg,170.9129638671875,13.712568649578296,188.03453896939754,112.0,218.0,171.0,0.0,0.01239013671875,0,3100,0.189208984375
IMG_8808 resized_448.jpg,170.07281494140625,14.38273002882152,206.86292308196425,100.0,244.0,170.0,0.0,0.01202392578125,0,2256,0.1376953125
IMG_8809 resized_448.jpg,166.36651611328125,13.013055134248315,169.33960392698646,120.0,216.0,166.0,0.0,0.0032958984375,0,1748,0.106689453125
IMG_8810 resized_448.jpg,163.875,13.320154416217367,177.426513671875,114.0,221.0,164.0,0.0,0.0015869140625,0,1783,0.10882568359375
IMG_8811 resized_448.jpg,165.5791015625,14.093753214156974,198.63387966156006,114.0,222.0,166.0,0.0,0.00360107421875,0,2592,0.158203125
IMG_8812 resized_448.jpg,173.8963623046875,14.07444376293155,198.0899672359228,116.0,231.0,174.0,0.0,0.02734375,0,2587,0.15789794921875
IMG_8813 resized_448.jpg,172.41650390625,12.896669457260215,166.3240830898285,122.0,223.0,172.0,0.0,0.01226806640625,0,2002,0.1221923828125
IMG_8814 resized_448.jpg,173.593017578125,13.065201016937024,170.69947761297226,119.0,228.0,174.0,0.0,0.01812744140625,0,2527,0.15423583984375
IMG_8815 resized_448.jpg,160.70037841796875,11.965583166768862,143.17518052086234,113.0,220.0,160.0,0.0,0.0015869140625,0,2968,0.18115234375
IMG_8816 resized_448.jpg,160.5760498046875,11.829990879144603,139.9486842006445,106.0,219.0,160.0,0.0,0.00201416015625,0,3302,0.2015380859375
IMG_8817 resized_448.jpg,161.06842041015625,11.618467536028808,134.9887878857553,109.0,223.0,161.0,0.0,0.001953125,0,3392,0.20703125
IMG_8818 resized_448.jpg,174.13128662109375,11.431501913182299,130.67923599109054,126.0,236.0,174.0,0.0,0.01568603515625,0,3410,0.2081298828125
IMG_8819 resized_448.jpg,177.06475830078125,12.164988954570559,147.98695626482368,124.0,240.0,177.0,0.0,0.030517578125,0,3450,0.2105712890625
IMG_8820 resized_448.jpg,170.0482177734375,11.576100288866161,134.00609789788723,116.0,226.0,170.0,0.0,0.00604248046875,0,3094,0.1888427734375
IMG_8821 resized_448.jpg,170.11962890625,11.92405965644312,142.18319869041443,115.0,231.0,170.0,0.0,0.00732421875,0,3246,0.1981201171875
IMG_8822 resized_448.jpg,170.8275146484375,12.029293054108432,144.70389138162136,115.0,234.0,171.0,0.0,0.00811767578125,0,3387,0.20672607421875
IMG_8823 resized_448.jpg,170.73016357421875,12.333723313897972,152.12073078379035,116.0,227.0,171.0,0.0,0.00799560546875,0,3568,0.2177734375
IMG_8824 resized_448.jpg,167.0172119140625,11.601946927133149,134.6051725000143,114.0,228.0,167.0,0.0,0.00286865234375,0,1882,0.1148681640625
IMG_8825 resized_448.jpg,165.06585693359375,11.65746982864223,135.89660280570388,120.0,222.0,165.0,0.0,0.0023193359375,0,2102,0.1282958984375
